update_datetime;eta;etd;detdeta;name;company;terminal;status;arriving_from;nationality;vessel_type;purpose;call_no;length;width;brt;signal;imo;quay;group;cargo
2020-11-04 19:08:06.5550000;03-02-2020 09:30;07-02-2020 07:00;336600;Eemsborg ;SDK Shipping A/S;Amagerværket;Departed;Riga;Nederländerna;General Cargo Ship;Discharging only;295917;137,84;15,87;7196;PBMD;9423748;c836;D;WC
2020-11-04 19:08:06.5550000;05-02-2020 11:00;06-02-2020 19:30;117000;Maxi;Schultz Shipping A/S;Amagerværket;Departed;Bekkeri;Antigua & Barbuda;General Cargo Ship;Discharging only;295895;111,75;14,95;4503;V2GW7;9180865;c838;D;WP
2020-11-04 19:08:06.5550000;06-02-2020 20:00;07-02-2020 01:35;20100;Haafjell;Baltic Shipping Company A/S;Amagerværket;Arrived;Grenå;Norge, nationellt registe;General Cargo Ship;Discharging only;295874;89,25;13,4;2780;LAHX8;9148207;c835;A;WC
2020-11-04 19:08:06.5550000;06-02-2020 20:00;09-02-2020 16:00;244800;Joulius;Schultz Shipping A/S;Amagerværket;Arrived;Riga;Danmark, DIS;Tug;Towage;295955;32,42;9;295;OWQY2;8802064;c838;A;WP
2020-11-04 19:08:06.5550000;06-02-2020 20:00;09-02-2020 16:00;244800;VT Warsaw;Schultz Shipping A/S;Amagerværket;Arrived;Riga;Danmark, nationellt regis;Barge;Discharging only;295956;110,4;21;7543;OU6341;9043366;c838;A;WP
2020-11-04 19:08:06.5550000;11-02-2020 10:00;14-02-2020 16:00;280800;Raduga Neutron;Schultz Shipping A/S;Amagerværket;Departed;Enstedvaerkets Havn;Cypern;Tug;Towage;295966;31,85;9,5;275;5BUU4;7928158;c838;D;WP
2020-11-04 19:08:06.5550000;11-02-2020 10:00;14-02-2020 16:00;280800;Silur;Schultz Shipping A/S;Amagerværket;Departed;Enstedvaerkets Havn;Estland;Barge;Discharging only;295965;101,1;19,05;4730;XP4095;7924059;c838;D;WP
2020-11-04 19:08:06.5550000;13-02-2020 20:00;14-02-2020 20:00;86400;Niklas G;Schultz Shipping A/S;Amagerværket;Departed;Lübeck;Antigua & Barbuda;General Cargo Ship;Discharging only;296020;114,4;14,4;4255;V2FN6;9534303;c836;D;WC
2020-11-04 19:08:06.5550000;14-02-2020 13:00;15-02-2020 22:30;120600;Marfaam;SDK Shipping A/S;Amagerværket;Departed;Riga;Nederländerna;General Cargo Ship;Discharging only;295992;118,14;16,13;5422;PCNH;9526100;c835;D;WC
2020-11-04 19:08:06.5550000;16-02-2020 00:00;17-02-2020 22:59;169140;Spirit;SDK Shipping A/S;Amagerværket;Departed;Mersrags;Nederländerna;General Cargo Ship;Discharging only;296029;111,75;14,95;4503;PFCF;9229049;c836;D;WC
2020-11-04 19:08:06.5550000;16-02-2020 12:00;19-02-2020 18:00;280800;Belterwiede;Schultz Shipping A/S;Amagerværket;Departed;Leixoes;Nederländerna;General Cargo Ship;Discharging only;295967;110,78;14;3990;PHCM;9313797;c838;D;WP
2020-11-04 19:08:06.5550000;16-02-2020 14:00;17-02-2020 21:00;111600;St.Pauli;SDK Shipping A/S;Amagerværket;Departed;Lübeck;Gibraltar;General Cargo Ship;Discharging only;296055;92,41;15,2;3075;ZDFJ3;8214358;c835;D;WC
2020-11-04 19:08:06.5550000;17-02-2020 21:00;19-02-2020 22:59;179940;Norjarl;SDK Shipping A/S;Amagerværket;Departed;Stralsund;Norge, NIS;General cargo More decks;Discharging only;296069;119,31;16,5;5335;LAZN7;9436264;c836;D;WC
2020-11-04 19:08:06.5550000;17-02-2020 22:59;19-02-2020 22:59;172800;Danita;SDK Shipping A/S;Amagerværket;Departed;Eydehavn;Portugal (MAR);General Cargo Ship;Discharging only;296066;115,46;16,5;5232;CQAC9;9341108;c835;D;WC
2020-11-04 19:08:06.5550000;19-02-2020 19:00;22-02-2020 19:00;259200;Longdijk;Schultz Shipping A/S;Amagerværket;Departed;Riga;Nederländerna;General cargo More decks;Discharging only;296133;111,75;14,95;4503;PBAB;9215658;c838;D;WP
2020-11-04 19:08:06.5550000;20-02-2020 07:00;05-03-2020 04:00;1198800;IDC Pearl;SDK Shipping A/S;Amagerværket;Departed;Santana;Turkiet;Bulk;Discharging only;296058;190;32,29;30085;TCRT9;9245249;c835;D;WC
2020-11-04 19:08:06.5550000;29-02-2020 03:30;02-03-2020 09:00;192600;Spirit;Schultz Shipping A/S;Amagerværket;Departed;Bekkeri;Nederländerna;General Cargo Ship;Discharging only;296224;111,75;14,95;4503;PFCF;9229049;c838;D;WP
2020-11-04 19:08:06.5550000;05-03-2020 05:00;08-03-2020 20:30;315000;Joulius;Schultz Shipping A/S;Amagerværket;Arrived;Riga;Danmark, DIS;Tug;Towage;296352;32,42;9;295;OWQY2;8802064;c838;A;WP
2020-11-04 19:08:06.5550000;05-03-2020 05:00;08-03-2020 20:30;315000;VT Warsaw;Schultz Shipping A/S;Amagerværket;Departed;Riga;Danmark, nationellt regis;Barge;Discharging only;296353;110,4;21;7543;OU6341;9043366;c838;D;WP
2020-11-04 19:08:06.5550000;05-03-2020 06:00;07-03-2020 10:00;187200;Grosse Freiheit;SDK Shipping A/S;Amagerværket;Departed;Lübeck;Portugal (MAR);General Cargo Ship;Discharging only;296247;106,66;15,2;4102;CQEA5;9507142;c835;D;WC
2020-11-04 19:08:06.5550000;05-03-2020 08:00;07-03-2020 15:00;198000;Alexander;SDK Shipping A/S;Amagerværket;Departed;Ventspils;Antigua & Barbuda;General Cargo Ship;Discharging only;296320;103,97;15,35;3833;V2GX8;9490179;c835;D;WC
2020-11-04 19:08:06.5550000;07-03-2020 12:00;10-03-2020 13:00;262800;FWN Splendide;SDK Shipping A/S;Amagerværket;Departed;Gent;Nederländerna;General Cargo Ship;Discharging only;296260;145,63;18,29;7767;PBKN;9320518;c836;D;WC
2020-11-04 19:08:06.5550000;07-03-2020 16:00;11-03-2020 19:00;356400;Spirit;SDK Shipping A/S;Amagerværket;Departed;Liepaja;Nederländerna;General Cargo Ship;Discharging only;296322;111,75;14,95;4503;PFCF;9229049;c836;D;WC
2020-11-04 19:08:06.5550000;07-03-2020 23:30;11-03-2020 15:00;315000;Rix Emerald;Baltic Shipping Company A/S;Amagerværket;Departed;Köge;Cypern;General Cargo Ship;Discharging only;296406;88,45;11,35;2061;P3ME6;9116802;c837;D;WP
2020-11-04 19:08:06.5550000;10-03-2020 14:00;11-03-2020 18:00;100800;Harun;SDK Shipping A/S;Amagerværket;Departed;Riga;Cypern;General Cargo Ship;Discharging only;296248;110,78;14;3990;5BEN5;9361380;c835;D;WC
2020-11-04 19:08:06.5550000;11-03-2020 18:00;13-03-2020 11:00;147600;Eva;SDK Shipping A/S;Amagerværket;Departed;Papenburg;Antigua & Barbuda;General Cargo Ship;Discharging only;296323;89,9;14,5;3293;V2FX8;9583859;c835;D;WC
2020-11-04 19:08:06.5550000;11-03-2020 19:00;14-03-2020 05:00;208800;Brigitte M;SDK Shipping A/S;Amagerværket;Departed;Larvik;Cypern;General Cargo Ship;Discharging only;296324;111;14,95;4446;5BPN4;9155913;c837;D;WP
2020-11-04 19:08:06.5550000;13-03-2020 01:00;14-03-2020 15:00;136800;Longvann;SDK Shipping A/S;Amagerværket;Departed;Ventspils;Nederländerna;General cargo More decks;Discharging only;296348;114,4;14,5;4255;PBYB;9548304;c836;D;WP
2020-11-04 19:08:06.5550000;13-03-2020 12:01;14-03-2020 15:00;97140;Grosse Freiheit;SDK Shipping A/S;Amagerværket;Departed;Lübeck;Portugal (MAR);General Cargo Ship;Discharging only;296410;106,66;15,2;4102;CQEA5;9507142;c835;D;WC
2020-11-04 19:08:06.5550000;14-03-2020 14:00;16-03-2020 15:00;176400;Fuldaborg;SDK Shipping A/S;Amagerværket;Departed;Riga;Nederländerna;General Cargo Ship;Discharging only;296411;154,6;17,2;8911;PCNZ;9559092;c836;D;WC
2020-11-04 19:08:06.5550000;15-03-2020 13:00;17-03-2020 15:00;180000;Danita;SDK Shipping A/S;Amagerværket;Departed;Virtsu;Portugal (MAR);General Cargo Ship;Discharging only;296412;115,46;16,5;5232;CQAC9;9341108;c835;D;WC
2020-11-04 19:08:06.5550000;17-03-2020 07:00;18-03-2020 19:30;131400;Spirit;Schultz Shipping A/S;Amagerværket;Departed;Bekkeri;Nederländerna;General Cargo Ship;Discharging only;296458;111,75;14,95;4503;PFCF;9229049;c837;D;WP
2020-11-04 19:08:06.5550000;17-03-2020 11:01;18-03-2020 17:00;107940;Listerhav;Schultz Shipping A/S;Amagerværket;Departed;Gdynia;Färöarna;General Cargo Ship;Discharging only;296459;88,05;14,43;3323;OZ2164;9131589;c836;D;WC
2020-11-04 19:08:06.5550000;18-03-2020 03:00;21-03-2020 11:30;289800;Koningsborg;SDK Shipping A/S;Amagerværket;Departed;Antwerpen;Nederländerna;General cargo More decks;Discharging only;296438;130,65;15,87;6142;PDHI;9155925;c835;D;WC
2020-11-04 19:08:06.5550000;18-03-2020 18:00;22-03-2020 00:00;280800;Brigitte M;SDK Shipping A/S;Amagerværket;Departed;Larvik;Cypern;General Cargo Ship;Discharging only;296489;111;14,95;4446;5BPN4;9155913;c835;D;WC
2020-11-04 19:08:06.5550000;21-03-2020 12:00;23-03-2020 22:59;212340;Amisia;SDK Shipping A/S;Amagerværket;Departed;Liepaja;Cypern;General Cargo Ship;Discharging only;296491;110,78;14;3990;5BEM5;9361378;c836;D;WC
2020-11-04 19:08:06.5550000;22-03-2020 01:00;23-03-2020 14:00;133200;Frisian Spring;SDK Shipping A/S;Amagerværket;Departed;Ventspils;Nederländerna;General Cargo Ship;Discharging only;296499;118,9;13,4;4087;PHII;9367774;c835;D;WC
2020-11-04 19:08:06.5550000;23-03-2020 05:00;23-03-2020 21:30;59400;Listerhav;Schultz Shipping A/S;Amagerværket;Departed;Riga;Färöarna;General Cargo Ship;Discharging only;296592;88,05;14,43;3323;OZ2164;9131589;c837;D;WP
2020-11-04 19:08:06.5550000;23-03-2020 13:00;25-03-2020 12:30;171000;Longvann;SDK Shipping A/S;Amagerværket;Departed;Skulte;Nederländerna;General cargo More decks;Discharging only;296510;114,4;14,5;4255;PBYB;9548304;c835;D;WC
2020-11-04 19:08:06.5550000;23-03-2020 23:01;26-03-2020 14:15;227640;Grosse Freiheit;SDK Shipping A/S;Amagerværket;Departed;Szczecinek;Portugal (MAR);General Cargo Ship;Discharging only;296498;106,66;15,2;4102;CQEA5;9507142;c835;D;WC
2020-11-04 19:08:06.5550000;24-03-2020 11:00;27-03-2020 18:00;284400;Spirit;Schultz Shipping A/S;Amagerværket;Departed;Bekkeri;Nederländerna;General Cargo Ship;Discharging only;296595;111,75;14,95;4503;PFCF;9229049;c837;D;WP
2020-11-04 19:08:06.5550000;26-03-2020 03:00;27-03-2020 16:30;135000;Evita;SDK Shipping A/S;Amagerværket;Departed;Liepaja;Portugal (MAR);General Cargo Ship;Discharging only;296529;108,15;18,2;5599;CQBA;9381433;c836;D;WC
2020-11-04 19:08:06.5550000;27-03-2020 03:00;28-03-2020 21:00;151200;ARA Antwerpen;SDK Shipping A/S;Amagerværket;Departed;Gent;Gibraltar;General Cargo Ship;Discharging only;296519;145,63;18,29;7752;ZDPG8;9240550;c835;D;WC
2020-11-04 19:08:06.5550000;27-03-2020 16:30;29-03-2020 00:30;115200;Harun;SDK Shipping A/S;Amagerværket;Departed;Riga;Cypern;General Cargo Ship;Discharging only;296588;110,78;14;3990;5BEN5;9361380;c836;D;WC
2020-11-04 19:08:06.5550000;28-03-2020 22:00;31-03-2020 13:30;228600;Elbeborg;SDK Shipping A/S;Amagerværket;Departed;Riga;Nederländerna;General Cargo Ship;Discharging only;296581;144,56;15,87;7680;PBZJ;9568249;c835;D;WC
2020-11-04 19:08:06.5550000;30-03-2020 06:30;31-03-2020 14:30;115200;Longvann;Schultz Shipping A/S;Amagerværket;Departed;Mersrags;Nederländerna;General cargo More decks;Discharging only;296636;114,4;14,5;4255;PBYB;9548304;c838;D;WP
2020-11-04 19:08:06.5550000;31-03-2020 16:00;02-04-2020 17:00;176400;Frisian Ocean;SDK Shipping A/S;Amagerværket;Departed;Ventspils;Nederländerna;General cargo More decks;Discharging only;296669;128,46;16,07;5887;PCFY;9385922;c835;D;WC
2020-11-04 19:08:06.5550000;31-03-2020 21:59;01-04-2020 23:30;91860;Grosse Freiheit;SDK Shipping A/S;Amagerværket;Departed;Lübeck;Portugal (MAR);General Cargo Ship;Discharging only;296633;106,66;15,2;4102;CQEA5;9507142;c835;D;WC
2020-10-23 11:35:18.9490000;02-04-2020 02:00;03-04-2020 16:00;136800;Korsoe;SDK Shipping A/S;Amagerværket;Departed;Liepaja;Cypern;General Cargo Ship;Discharging only;296677;108,97;15,63;4358;5BTM3;9519054;c835;D;WC
2020-10-23 11:35:18.9490000;02-04-2020 14:30;05-04-2020 13:00;253800;Longduin;SDK Shipping A/S;Amagerværket;Departed;Mandal;Nederländerna;General Cargo Ship;Discharging only;296678;111,75;14,95;4503;PEBT;9213882;c835;D;WC
2020-10-23 11:35:18.9490000;02-04-2020 21:59;04-04-2020 15:00;147660;Alexander;Schultz Shipping A/S;Amagerværket;Departed;Törkopp (Drammen);Antigua & Barbuda;General Cargo Ship;Discharging only;296680;103,97;15,35;3833;V2GX8;9490179;c838;D;WP
2020-10-23 11:35:18.9490000;03-04-2020 17:00;06-04-2020 13:00;244800;Gällnö;SDK Shipping A/S;Amagerværket;Departed;Lübeck;Liberia;General Cargo Ship;Discharging only;296690;108,2;18,47;5598;D5AI5;9408889;c837;D;WC
2020-10-23 11:35:18.9490000;05-04-2020 14:00;07-04-2020 11:00;162000;Norholm;SDK Shipping A/S;Amagerværket;Departed;Rostock;Norge, NIS;General Cargo Ship;Discharging only;296689;94,44;15;3443;LAXP7;9107136;c835;D;WC
2020-10-23 11:35:18.9490000;06-04-2020 09:00;08-04-2020 16:00;198000;Spirit;Schultz Shipping A/S;Amagerværket;Departed;Övriga estniska hamnar;Nederländerna;General Cargo Ship;Discharging only;296695;111,75;14,95;4503;PFCF;9229049;c838;D;WP
2020-10-23 11:35:18.9490000;06-04-2020 23:00;07-04-2020 23:00;86400;Grosse Freiheit;SDK Shipping A/S;Amagerværket;Departed;Lübeck;Portugal (MAR);General Cargo Ship;Discharging only;296702;106,66;15,2;4102;CQEA5;9507142;c837;D;WC
2020-10-23 11:35:18.9490000;07-04-2020 11:00;09-04-2020 04:30;149400;Isis;SDK Shipping A/S;Amagerværket;Departed;Liepaja;Nederländerna;General Cargo Ship;Discharging only;296703;110,78;14;3990;PHLD;9357494;c835;D;WC
2020-10-23 11:35:18.9490000;08-04-2020 00:00;09-04-2020 15:00;140400;Karkloe;SDK Shipping A/S;Amagerværket;Departed;Mersrags;Liberia;General Cargo Ship;Discharging only;296747;106,01;15,63;4220;D5BQ4;9518995;c836;D;WC
2020-10-23 11:35:18.9490000;09-04-2020 05:30;10-04-2020 14:00;117000;Eems Duisburg;SDK Shipping A/S;Amagerværket;Departed;Rostock;Nederländerna;General Cargo Ship;Discharging only;296749;107,95;16,1;5198;PCPT;9658094;c835;D;WC
2020-10-23 11:35:18.9490000;09-04-2020 16:00;11-04-2020 18:00;180000;Koningsborg;SDK Shipping A/S;Amagerværket;Departed;Riga;Nederländerna;General cargo More decks;Discharging only;296753;130,65;15,87;6142;PDHI;9155925;c835;D;WC
2020-10-23 11:35:18.9490000;10-04-2020 15:00;11-04-2020 20:00;104400;Longduin;SDK Shipping A/S;Amagerværket;Departed;Gdynia;Nederländerna;General Cargo Ship;Discharging only;296750;111,75;14,95;4503;PEBT;9213882;c835;D;WC
2020-10-23 11:35:18.9490000;11-04-2020 18:00;12-04-2020 17:00;82800;Grosse Freiheit;SDK Shipping A/S;Amagerværket;Departed;Gdynia;Portugal (MAR);General Cargo Ship;Discharging only;296783;106,66;15,2;4102;CQEA5;9507142;c835;D;WC
2020-10-23 11:35:18.9490000;11-04-2020 21:59;12-04-2020 21:00;82860;Christina;Schultz Shipping A/S;Amagerværket;Departed;Lübeck;Liberia;General Cargo Ship;Discharging only;296756;114,4;14,5;4255;D5HS9;9534262;c838;D;WC
2020-10-23 11:35:18.9490000;12-04-2020 18:30;14-04-2020 20:00;178200;Kwintebank;SDK Shipping A/S;Amagerværket;Departed;Riga;Nederländerna;General Cargo Ship;Discharging only;296775;132,2;15,87;6378;PBGT;9234288;c836;D;WC
2020-10-23 11:35:18.9490000;13-04-2020 02:00;14-04-2020 00:00;79200;Spirit;SDK Shipping A/S;Amagerværket;Departed;Liepaja;Nederländerna;General Cargo Ship;Discharging only;296800;111,75;14,95;4503;PFCF;9229049;c835;D;WC
2020-10-23 11:35:18.9490000;14-04-2020 01:00;16-04-2020 06:00;190800;Arklow Dale;SDK Shipping A/S;Amagerværket;Departed;Ventspils;Irland;General Cargo Ship;Discharging only;296801;132,5;15,87;6687;EITT8;9504126;c835;D;WC
2020-10-23 11:35:18.9490000;15-04-2020 09:30;16-04-2020 10:00;88200;Grosse Freiheit;SDK Shipping A/S;Amagerværket;Departed;Lübeck;Portugal (MAR);General Cargo Ship;Discharging only;296819;106,66;15,2;4102;CQEA5;9507142;c835;D;WC
2020-10-23 11:35:18.9490000;16-04-2020 12:00;25-04-2020 19:30;804600;Plate Queen;SDK Shipping A/S;Amagerværket;Departed;Santana;Marshallöarna;Bulk;Discharging only;296768;190;32,29;30665;V7BL7;9371074;c835;D;WC
2020-10-23 11:35:18.9490000;25-04-2020 21:00;27-04-2020 10:00;133200;Donau;SDK Shipping A/S;Amagerværket;Departed;Ventspils;Nederländerna;General Cargo Ship;Discharging only;296889;128,34;16,07;5887;PBVI;9385908;c835;D;WC
2020-10-23 11:35:18.9490000;25-04-2020 23:00;27-04-2020 09:00;122400;Brigitte M;SDK Shipping A/S;Amagerværket;Departed;Liepaja;Cypern;General Cargo Ship;Discharging only;296891;111;14,95;4446;5BPN4;9155913;c835;D;WC
2020-10-23 11:35:18.9490000;27-04-2020 09:30;29-04-2020 13:00;185400;Longviking;SDK Shipping A/S;Amagerværket;Departed;Avedörevaerkets Havn;Nederländerna;General Cargo Ship;Discharging only;296892;114,4;14,5;4255;PBNO;9547324;c835;D;WC
2020-10-23 11:35:18.9490000;27-04-2020 10:30;29-04-2020 19:00;203400;Grosse Freiheit;SDK Shipping A/S;Amagerværket;Departed;Gdynia;Portugal (MAR);General Cargo Ship;Discharging only;296897;106,66;15,2;4102;CQEA5;9507142;c836;D;WC
2020-10-23 11:35:18.9490000;30-04-2020 10:00;05-05-2020 22:10;475800;Leap Heart;SDK Shipping A/S;Amagerværket;Departed;Huelva;Panama;Bulk;Discharging only;296920;169,37;27,24;17025;SFOO;9604770;c835;D;WC
2020-10-23 11:35:18.9490000;05-05-2020 23:00;07-05-2020 11:00;129600;Brigitte M;SDK Shipping A/S;Amagerværket;Departed;Skulte;Cypern;General Cargo Ship;Discharging only;296981;111;14,95;4446;5BPN4;9155913;c836;D;WC
2020-10-23 11:35:18.9490000;05-05-2020 23:00;08-05-2020 18:00;241200;Longvann;SDK Shipping A/S;Amagerværket;Departed;Liepaja;Nederländerna;General cargo More decks;Discharging only;304003;114,4;14,5;4255;PBYB;9548304;c835;D;WC
2020-10-23 11:35:18.9490000;09-05-2020 03:01;10-05-2020 10:00;111540;Grosse Freiheit;SDK Shipping A/S;Amagerværket;Departed;Lübeck;Portugal (MAR);General Cargo Ship;Discharging only;304092;106,66;15,2;4102;CQEA5;9507142;c835;D;WC
2020-10-23 11:35:18.9490000;12-05-2020 07:00;13-05-2020 21:00;136800;Longvann;SDK Shipping A/S;Amagerværket;Departed;Papenburg;Nederländerna;General cargo More decks;Discharging only;304105;114,4;14,5;4255;PBYB;9548304;c835;D;WP
2020-10-23 11:35:18.9490000;13-05-2020 05:00;14-05-2020 20:00;140400;Grosse Freiheit;SDK Shipping A/S;Amagerværket;Departed;Greifswald, Landkreis;Portugal (MAR);General Cargo Ship;Discharging only;304139;106,66;15,2;4102;CQEA5;9507142;c835;D;WC
2020-10-23 11:35:18.9490000;13-05-2020 21:59;14-05-2020 18:30;73860;Norsund;SDK Shipping A/S;Amagerværket;Departed;Stralsund;Norge, NIS;General Cargo Ship;Discharging only;304132;89,48;13,6;2705;LAYK7;9007075;c835;D;WC
2020-10-23 11:35:18.9490000;14-05-2020 23:00;16-05-2020 11:00;129600;Longvik;Schultz Shipping A/S;Amagerværket;Departed;Ventspils;Nederländerna;General Cargo Ship;Discharging only;304134;114,4;14,4;4255;PBYA;9548299;c838;D;WP
2020-10-23 11:35:18.9490000;15-05-2020 06:00;16-05-2020 08:30;95400;Ina Lehmann;SDK Shipping A/S;Amagerværket;Departed;Lübeck;Antigua & Barbuda;General Cargo Ship;Discharging only;304147;89,98;15,29;3450;V2GZ2;9805427;c835;D;WC
2020-10-23 11:35:18.9490000;17-05-2020 00:00;17-05-2020 23:00;82800;Karina;SDK Shipping A/S;Amagerværket;Departed;Antwerpen;Antigua & Barbuda;General Cargo Ship;Discharging only;304143;106,76;15,2;4106;V2HS7;9519808;c835;D;WC
2020-10-23 11:35:18.9490000;20-05-2020 08:00;21-05-2020 10:00;93600;Stefanie F;Baltic Shipping Company A/S;Amagerværket;Departed;Stralsund;Antigua & Barbuda;General Cargo Ship;Discharging only;304201;80,96;11,31;1441;V2CN;7924401;c835;D;WC
2020-10-23 11:35:18.9490000;23-05-2020 05:00;29-05-2020 08:30;531000;Raduga Electron;Schultz Shipping A/S;Amagerværket;Arrived;Tallinn;Cypern;Tug;Towage;304198;32,42;9,53;291;5BGT5;8207379;c838;A;WP
2020-10-23 11:35:18.9490000;23-05-2020 05:00;01-10-2020 21:59;11379540;Delta II;Schultz Shipping A/S;Amagerværket;Departed;Tallinn;Cypern;Barge;Discharging only;304199;110,4;21;7540;DELTA2;9006461;c838;D;WP
2020-10-23 11:35:18.9490000;03-06-2020 05:40;16-06-2020 19:30;1173000;Tanta T;SDK Shipping A/S;Amagerværket;Departed;Cartagena;Marshallöarna;Bulk;Discharging only;304235;177,5;28,2;20218;V7VE4;9497086;c835;D;WC
2020-10-23 11:35:18.9490000;25-08-2020 00:00;28-08-2020 07:30;286200;Grosse Freiheit;SDK Shipping A/S;Amagerværket;Departed;Lübeck;Portugal (MAR);General Cargo Ship;Discharging only;305223;106,66;15,2;4102;CQEA5;9507142;c835;D;WC
2020-10-23 11:35:18.9490000;01-09-2020 05:00;05-09-2020 08:00;356400;Grosse Freiheit;SDK Shipping A/S;Amagerværket;Departed;Gdynia;Portugal (MAR);General Cargo Ship;Discharging only;305374;106,66;15,2;4102;CQEA5;9507142;c837;D;WC
2020-10-23 11:35:18.9490000;14-09-2020 01:25;15-09-2020 21:59;160440;Peak Sauda;SDK Shipping A/S;Amagerværket;Departed;Bandholm (Maribo);Nederländerna;General cargo More decks;Discharging only;305491;94,99;13,17;2999;PHQA;9187136;c835;D;WC
2020-10-23 11:35:18.9490000;15-09-2020 07:00;17-09-2020 19:00;216000;Grosse Freiheit;SDK Shipping A/S;Amagerværket;Departed;Lübeck;Portugal (MAR);General Cargo Ship;Discharging only;305486;106,66;15,2;4102;CQEA5;9507142;c835;D;WC
2020-10-23 11:35:18.9490000;17-09-2020 11:30;20-09-2020 08:00;246600;Frisiana;SDK Shipping A/S;Amagerværket;Departed;Riga;Nederländerna;General Cargo Ship;Discharging only;305547;128,38;15,87;5905;PCEQ;9385893;c835;D;WC
2020-10-23 11:35:18.9490000;19-09-2020 04:30;22-09-2020 20:00;315000;Peak Sauda;SDK Shipping A/S;Amagerværket;Departed;Lyngdal;Nederländerna;General cargo More decks;Discharging only;305577;94,99;13,17;2999;PHQA;9187136;c835;D;WC
2020-10-23 11:35:18.9490000;20-09-2020 08:30;26-09-2020 18:00;552600;Grosse Freiheit;SDK Shipping A/S;Amagerværket;Departed;Gdynia;Portugal (MAR);General Cargo Ship;Discharging only;305349;106,66;15,2;4102;CQEA5;9507142;c835;D;WC
2020-10-23 11:35:18.9490000;26-09-2020 08:00;29-09-2020 20:00;302400;Marfaam;SDK Shipping A/S;Amagerværket;Departed;Liepaja;Nederländerna;General Cargo Ship;Discharging only;305634;118,14;16,13;5422;PCNH;9526100;c835;D;WC
2020-10-23 11:35:18.9490000;27-09-2020 02:30;28-09-2020 19:00;145800;Belterwiede;SDK Shipping A/S;Amagerværket;Departed;Eydehavn;Nederländerna;General Cargo Ship;Discharging only;305665;110,78;14;3990;PHCM;9313797;c835;D;WC
2020-10-23 11:35:18.9490000;28-09-2020 21:59;30-09-2020 20:00;165660;Adriata;SDK Shipping A/S;Amagerværket;Departed;Rostock;Portugal (MAR);General Cargo Ship;Discharging only;305686;104,4;16,2;4071;CQEP;9005376;c835;D;WC
2020-10-23 11:35:18.9490000;30-09-2020 02:30;01-10-2020 10:00;113400;Grosse Freiheit;SDK Shipping A/S;Amagerværket;Departed;Greifswald, Landkreis;Portugal (MAR);General Cargo Ship;Discharging only;305734;106,66;15,2;4102;CQEA5;9507142;c835;D;WC
2020-10-23 11:35:18.9490000;30-09-2020 16:00;01-10-2020 21:59;107940;Raduga Proton;Schultz Shipping A/S;Amagerværket;Arrived;Övriga danska hamnar;Cypern;Tug;Towage;305693;31,85;9,53;291;5BGS5;8131116;c838;A;WP
2020-10-23 11:35:18.9490000;05-10-2020 02:30;10-10-2020 09:00;455400;Marfaam;SDK Shipping A/S;Amagerværket;Departed;Liepaja;Nederländerna;General Cargo Ship;Discharging only;305750;118,14;16,13;5422;PCNH;9526100;c835;D;WC
2020-10-23 11:35:18.9490000;08-10-2020 09:00;10-10-2020 21:00;216000;Mississippiborg;SDK Shipping A/S;Amagerværket;Departed;Riga;Nederländerna;General Cargo Ship;Discharging only;305775;134,55;16,5;6540;PCGZ;9207508;c835;D;WC
2020-10-23 11:35:18.9490000;10-10-2020 10:00;12-10-2020 08:00;165600;Grosse Freiheit;SDK Shipping A/S;Amagerværket;Departed;Lübeck;Portugal (MAR);General Cargo Ship;Discharging only;305797;106,66;15,2;4102;CQEA5;9507142;c835;D;WC
2020-10-23 11:35:18.9490000;11-10-2020 19:30;12-10-2020 20:00;88200;Norne;SDK Shipping A/S;Amagerværket;Departed;Bandholm (Maribo);Norge, NIS;General Cargo Ship;Discharging only;305764;93,42;15,03;3443;LAYD7;9082403;c835;D;WC
2020-10-23 11:35:18.9490000;12-10-2020 09:30;15-10-2020 12:30;270000;Vlieborg;SDK Shipping A/S;Amagerværket;Arrived;Gent;Nederländerna;General Cargo Ship;Discharging only;305861;142,65;16,5;7367;PCIX;9554781;c835;A;WC
2020-10-23 11:35:18.9490000;13-10-2020 06:00;16-10-2020 12:00;280800;Exeborg;SDK Shipping A/S;Amagerværket;Departed;Antwerpen;Nederländerna;General Cargo Ship;Discharging only;305862;144,56;15,87;7680;PCUD;9650482;c836;D;WC
2020-10-23 11:35:18.9490000;15-10-2020 12:30;17-10-2020 22:30;208800;Marfaam;SDK Shipping A/S;Amagerværket;Departed;Riga;Nederländerna;General Cargo Ship;Discharging only;305891;118,14;16,13;5422;PCNH;9526100;c835;D;WC
2020-10-23 11:35:18.9490000;16-10-2020 12:00;17-10-2020 21:00;118800;Grosse Freiheit;SDK Shipping A/S;Amagerværket;Departed;Lübeck;Portugal (MAR);General Cargo Ship;Discharging only;305910;106,66;15,2;4102;CQEA5;9507142;c835;D;WC
2020-10-23 11:35:18.9490000;21-10-2020 00:30;22-10-2020 10:00;120600;Grosse Freiheit;SDK Shipping A/S;Amagerværket;Departed;Lübeck;Portugal (MAR);General Cargo Ship;Discharging only;305947;106,66;15,2;4102;CQEA5;9507142;c835;D;WC
2020-10-23 11:35:18.9490000;22-10-2020 04:30;23-10-2020 09:30;104400;Marfaam;SDK Shipping A/S;Amagerværket;Departed;Mersrags;Nederländerna;General Cargo Ship;Discharging only;305948;118,14;16,13;5422;PCNH;9526100;c835;D;WC
2020-10-23 19:41:26.9310000;23-10-2020 03:30;23-10-2020 18:00;52200;Feed Stavanger;SDK Shipping A/S;Amagerværket;Departed;Bandholm (Maribo);Antigua & Barbuda;General cargo More decks;Discharging only;305965;90,55;13,6;2863;V2PU6;9155951;c835;AD;WC
2020-10-25 11:41:28.5330000;24-10-2020 10:01;25-10-2020 11:00;89940;Grosse Freiheit;SDK Shipping A/S;Amagerværket;Departed;Lübeck;Portugal (MAR);General Cargo Ship;Discharging only;306020;106,66;15,2;4102;CQEA5;9507142;c835;AD;WC
2020-10-26 19:41:26.3990000;25-10-2020 06:00;26-10-2020 14:00;115200;Danita;SDK Shipping A/S;Amagerværket;Departed;Rostock;Portugal (MAR);General Cargo Ship;Discharging only;306011;115,46;16,5;5232;CQAC9;9341108;c835;AD;WC
2020-10-27 19:41:28.5810000;26-10-2020 06:30;27-10-2020 20:00;135000;Feed Stavanger;SDK Shipping A/S;Amagerværket;Departed;Bandholm (Maribo);Antigua & Barbuda;General cargo More decks;Discharging only;306069;90,55;13,6;2863;V2PU6;9155951;c836;AD;WC
2020-10-27 19:41:28.5810000;26-10-2020 14:30;27-10-2020 14:00;84600;Kethi;SDK Shipping A/S;Amagerværket;Departed;Riga;Malta;General Cargo Ship;Discharging only;306010;118,55;15,2;4996;9HA5167;9263552;c835;AD;WC
2020-10-28 19:41:30.0620000;27-10-2020 14:00;28-10-2020 17:00;97200;Longviking;SDK Shipping A/S;Amagerværket;Departed;Skulte;Nederländerna;General Cargo Ship;Discharging only;306034;114,4;14,5;4255;PBNO;9547324;c835;AD;WC
2020-10-28 03:41:29.4620000;27-10-2020 20:30;28-10-2020 11:00;52200;Marfaam;SDK Shipping A/S;Amagerværket;Arrived;Liepaja;Nederländerna;General Cargo Ship;Discharging only;306079;118,14;16,13;5422;PCNH;9526100;c835;A;WC
2020-10-29 19:41:29.7930000;28-10-2020 17:45;29-10-2020 14:00;72900;Harun;SDK Shipping A/S;Amagerværket;Departed;Riga;Cypern;General Cargo Ship;Discharging only;306077;110,78;14;3990;5BEN5;9361380;c835;AD;WC
2020-10-30 19:41:29.1770000;29-10-2020 15:00;30-10-2020 19:30;102600;Danita;SDK Shipping A/S;Amagerværket;Departed;Rostock;Portugal (MAR);General Cargo Ship;Discharging only;306085;115,46;16,5;5232;CQAC9;9341108;c835;AD;WC
2020-10-30 19:41:29.1770000;30-10-2020 02:20;30-10-2020 17:00;52800;Feed Stavanger;SDK Shipping A/S;Amagerværket;Departed;Bandholm (Maribo);Antigua & Barbuda;General cargo More decks;Discharging only;306093;90,55;13,6;2863;V2PU6;9155951;c835;AD;WC
2020-10-30 19:41:29.1770000;30-10-2020 17:00;02-11-2020 17:00;259200;Eeborg;SDK Shipping A/S;Amagerværket;Arrived;Gent;Nederländerna;General Cargo Ship;Discharging only;306094;144,56;15,87;7680;PCNL;9568328;c836;A;WC
2020-11-01 03:41:29.5680000;31-10-2020 01:30;02-11-2020 11:00;207000;Alexander;Schultz Shipping A/S;Amagerværket;Departed;Greifswald, Landkreis;Antigua & Barbuda;General Cargo Ship;Discharging only;306081;103,97;15,35;3833;V2GX8;9490179;c835;AD;WC
2020-11-03 19:41:47.5600000;02-11-2020 01:00;03-11-2020 13:30;131400;Kethi;SDK Shipping A/S;Amagerværket;Departed;Ventspils;Malta;General Cargo Ship;Discharging only;306106;118,55;15,2;4996;9HA5167;9263552;c835;AD;WC
2020-11-03 03:41:30.1140000;02-11-2020 21:00;03-11-2020 21:10;87000;Feed Stavanger;SDK Shipping A/S;Amagerværket;Arrived;Bandholm (Maribo);Antigua & Barbuda;General cargo More decks;Discharging only;306128;90,55;13,6;2863;V2PU6;9155951;c835;A;WC
2020-11-03 19:41:47.5600000;03-11-2020 19:00;05-11-2020 18:30;171000;Marfaam;SDK Shipping A/S;Amagerværket;Arrived;Liepaja;Nederländerna;General Cargo Ship;Discharging only;306127;118,14;16,13;5422;PCNH;9526100;c835;A;WC
2020-11-04 11:41:52.5590000;04-11-2020 05:00;06-11-2020 11:00;194400;Alexander;Schultz Shipping A/S;Amagerværket;Arrived;Greifswald, Landkreis;Antigua & Barbuda;General Cargo Ship;Discharging only;306177;103,97;15,35;3833;V2GX8;9490179;c835;A;WC
2020-11-05 19:41:26.4210000;05-11-2020 12:30;06-11-2020 19:00;109800;Danita;SDK Shipping A/S;Amagerværket;Arrived;Wismar;Portugal (MAR);General Cargo Ship;Discharging only;306164;115,46;16,5;5232;CQAC9;9341108;c835;A;WC
2020-11-06 19:41:28.2460000;06-11-2020 13:10;08-11-2020 17:00;186600;Longviking;SDK Shipping A/S;Amagerværket;Arrived;Liepaja;Nederländerna;General Cargo Ship;Discharging only;306167;114,4;14,5;4255;PBNO;9547324;c835;A;WC
2020-11-12 07:47:43.8580000;08-11-2020 05:30;09-11-2020 21:00;142200;Spirit;SDK Shipping A/S;Amagerværket;Departed;Rostock;Nederländerna;General Cargo Ship;Discharging only;306184;111,75;14,95;4503;PFCF;9229049;c835;AD;WC
2020-11-10 19:34:42.6590000;09-11-2020 16:00;10-11-2020 15:30;84600;Grosse Freiheit;SDK Shipping A/S;Amagerværket;Departed;Larvik;Portugal (MAR);General Cargo Ship;Discharging only;306185;106,66;15,2;4102;CQEA5;9507142;c835;AD;WC
2020-11-11 19:34:43.2160000;10-11-2020 10:00;11-11-2020 19:00;118800;Marfaam;SDK Shipping A/S;Amagerværket;Departed;Liepaja;Nederländerna;General Cargo Ship;Discharging only;306251;118,14;16,13;5422;PCNH;9526100;c835;AD;WC
2020-11-11 19:34:43.2160000;11-11-2020 12:00;13-11-2020 11:01;169260;Kwintebank;SDK Shipping A/S;Amagerværket;Arrived;Riga;Nederländerna;General Cargo Ship;Discharging only;306256;132,23;15,87;6378;PBGT;9234288;c835;A;WC
2020-11-12 19:34:52.5720000;12-11-2020 17:00;13-11-2020 17:00;86400;Danita;SDK Shipping A/S;Amagerværket;Arrived;Lübeck;Portugal (MAR);General Cargo Ship;Discharging only;306270;115,46;16,5;5232;CQAC9;9341108;c835;EA;
2020-11-14 11:34:43.8820000;13-11-2020 12:00;14-11-2020 06:30;66600;Adriata;SDK Shipping A/S;Amagerværket;Departed;Lübeck;Portugal (MAR);General Cargo Ship;Discharging only;306273;104,4;16,2;4071;CQEP;9005376;c835;EAD;
2020-11-15 19:34:35.7030000;14-11-2020 20:00;15-11-2020 13:00;61200;Spirit;SDK Shipping A/S;Amagerværket;Departed;Rohukuela;Nederländerna;General Cargo Ship;Discharging only;306288;111,75;14,95;4503;PFCF;9229049;c835;EAD;
2020-11-16 19:34:36.4450000;15-11-2020 04:00;16-11-2020 12:30;117000;Marfaam;SDK Shipping A/S;Amagerværket;Departed;Eydehavn;Nederländerna;General Cargo Ship;Discharging only;306287;118,14;16,13;5422;PCNH;9526100;c835;EAD;
2020-11-15 19:34:35.7030000;15-11-2020 19:30;16-11-2020 18:40;83400;Celina;Schultz Shipping A/S;Amagerværket;Arrived;Szczecin;Antigua & Barbuda;General Cargo Ship;Discharging only;306189;104,4;16,38;4073;V2GV5;9019200;c838;EA;
2020-11-17 11:34:37.1440000;16-11-2020 07:30;17-11-2020 10:30;97200;Belterwiede;SDK Shipping A/S;Amagerværket;Departed;Mandal;Nederländerna;General Cargo Ship;Discharging only;306313;110,78;14;3990;PHCM;9313797;c835;EAD;
2020-11-19 03:34:37.7570000;18-11-2020 05:00;18-11-2020 21:30;59400;Grosse Freiheit;SDK Shipping A/S;Amagerværket;Departed;Lübeck;Portugal (MAR);General Cargo Ship;Discharging only;306338;106,66;15,2;4102;CQEA5;9507142;c836;EAD;
2020-11-20 11:34:35.9370000;19-11-2020 00:00;20-11-2020 08:00;115200;Belterwiede;SDK Shipping A/S;Amagerværket;Departed;Grenå;Nederländerna;General Cargo Ship;Discharging only;306374;110,78;14;3990;PHCM;9313797;c836;EAD;
2020-11-22 19:34:36.9310000;21-11-2020 09:00;22-11-2020 12:00;97200;Maxi;SDK Shipping A/S;Amagerværket;Departed;Lübeck;Antigua & Barbuda;General Cargo Ship;Discharging only;306355;111,75;14,95;4503;V2GW7;9180865;c836;EAD;
2020-11-21 19:34:37.6810000;21-11-2020 15:30;22-11-2020 05:00;48600;Frisiana;SDK Shipping A/S;Amagerværket;Arrived;Bremen-Farge;Nederländerna;General Cargo Ship;Discharging only;306375;128,38;15,87;5905;PCEQ;9385893;c835;EA;
2020-11-23 19:34:36.7650000;23-11-2020 13:30;01-12-2020 11:30;684000;Nord Biscay;SDK Shipping A/S;Amagerværket;Arrived;Santana;Singapore;Bulk;Discharging only;306341;199,98;32,26;35332;9V5922;9799795;c835;EA;
